DataSet,Atribute,Operator,Fairness,Time
adult,race,State of art,0.017993880847288576,0
adult,race,State of art,0.01787727636967664,5
adult,race,State of art,0.015004776188733394,10
adult,race,State of art,0.015004776188733394,15
adult,race,State of art,0.012812727703107346,20
adult,race,State of art,0.012812727703107346,25
adult,race,State of art,0.012462914270271519,30
adult,race,State of art,0.012462914270271519,35
adult,race,State of art,0.011763287404599879,40
adult,race,State of art,0.010926840519053994,45
adult,race,State of art,0.010926840519053994,50
adult,race,State of art,0.009760795742934592,55
adult,race,State of art,0.009197988897137195,60
adult,race,State of art,0.009177773354874894,65
adult,race,State of art,0.009177773354874894,70
adult,race,State of art,0.009177773354874894,75
adult,race,State of art,0.008015255620229284,80
adult,race,State of art,0.007665442187393463,85
adult,race,State of art,0.007665442187393463,90
adult,race,State of art,0.007665442187393463,95
adult,race,State of art,0.007665442187393463,100
adult,race,State of art,0.006982503822510325,105
adult,race,State of art,0.006166272479226749,110
adult,race,State of art,0.006166272479226749,115
adult,race,State of art,0.006166272479226749,120
adult,race,State of art,0.006166272479226749,125
adult,race,State of art,0.006166272479226749,130
adult,race,State of art,0.006166272479226749,135
adult,race,State of art,0.006166272479226749,140
adult,race,State of art,0.006166272479226749,145
adult,race,State of art,0.006166272479226749,150
adult,race,State of art,0.006166272479226749,155
adult,race,State of art,0.006166272479226749,160
adult,race,State of art,0.006166272479226749,165
adult,race,State of art,0.006166272479226749,170
adult,race,State of art,0.006166272479226749,175
adult,race,State of art,0.006166272479226749,180
adult,race,State of art,0.006166272479226749,185
adult,race,State of art,0.006166272479226749,190
adult,race,State of art,0.006166272479226749,195
adult,race,State of art,0.006166272479226749,200
adult,race,State of art,0.006166272479226749,205
adult,race,State of art,0.006166272479226749,210
adult,race,State of art,0.0028753560958573524,215
adult,race,State of art,0.0028753560958573524,220
adult,race,State of art,0.0028753560958573524,225
adult,race,State of art,0.0028753560958573524,230
adult,race,State of art,0.0028753560958573524,235
adult,race,State of art,0.0024089381854095968,240
adult,race,State of art,0.002175729230185712,245
adult,race,State of art,0.002175729230185712,250
adult,race,State of art,0.002175729230185712,255
adult,race,State of art,0.002175729230185712,260
adult,race,State of art,0.002175729230185712,265
adult,race,State of art,0.002175729230185712,270
adult,race,State of art,0.002175729230185712,275
adult,race,State of art,0.002175729230185712,280
adult,race,State of art,0.002175729230185712,285
adult,race,State of art,0.002175729230185712,290
adult,race,State of art,0.002175729230185712,295
adult,race,State of art,0.002175729230185712,300
adult,race,State of art,0.002175729230185712,305
adult,race,State of art,0.002175729230185712,310
adult,race,State of art,0.002175729230185712,315
adult,race,State of art,0.002175729230185712,320
adult,race,State of art,0.002175729230185712,325
adult,race,State of art,0.002175729230185712,330
adult,race,State of art,0.002175729230185712,335
adult,race,State of art,0.002175729230185712,340
adult,race,State of art,0.002175729230185712,345
adult,race,State of art,0.002175729230185712,350
adult,race,State of art,0.002175729230185712,355
adult,race,State of art,0.002175729230185712,360
adult,race,State of art,0.002175729230185712,365
adult,race,State of art,0.002175729230185712,370
adult,race,State of art,0.002175729230185712,375
adult,race,State of art,0.002175729230185712,380
adult,race,State of art,0.002175729230185712,385
adult,race,State of art,0.002175729230185712,390
adult,race,State of art,0.002175729230185712,395
adult,race,State of art,0.002175729230185712,400
adult,race,State of art,0.002175729230185712,405
adult,race,State of art,0.002175729230185712,410
adult,race,State of art,0.002175729230185712,415
adult,race,State of art,0.002175729230185712,420
adult,race,State of art,0.002175729230185712,425
adult,race,State of art,0.002175729230185712,430
adult,race,State of art,0.002175729230185712,435
adult,race,State of art,0.002175729230185712,440
adult,race,State of art,0.002175729230185712,445
adult,race,State of art,0.002175729230185712,450
adult,race,State of art,0.002175729230185712,455
adult,race,State of art,0.002175729230185712,460
adult,race,State of art,0.002175729230185712,465
adult,race,State of art,0.002175729230185712,470
adult,race,State of art,0.002175729230185712,475
adult,race,State of art,0.002175729230185712,480
adult,race,State of art,0.002175729230185712,485
adult,race,State of art,0.002175729230185712,490
adult,race,State of art,0.002175729230185712,495
adult,race,State of art,0.002175729230185712,500
adult,race,State of art,0.002175729230185712,505
adult,race,State of art,0.002175729230185712,510
adult,race,State of art,0.002175729230185712,515
adult,race,State of art,0.002175729230185712,520
adult,race,State of art,0.002175729230185712,525
adult,race,State of art,0.002175729230185712,530
adult,race,State of art,0.002175729230185712,535
adult,race,State of art,0.002175729230185712,540
adult,race,State of art,0.002175729230185712,545
adult,race,State of art,0.002175729230185712,550
adult,race,State of art,0.002175729230185712,555
adult,race,State of art,0.002175729230185712,560
adult,race,State of art,0.002175729230185712,565
adult,race,State of art,0.002175729230185712,570
adult,race,State of art,0.002175729230185712,575
adult,race,State of art,0.002175729230185712,580
adult,race,State of art,0.002175729230185712,585
adult,race,State of art,0.002175729230185712,590
adult,race,State of art,0.002175729230185712,595
adult,race,State of art,0.002175729230185712,600
adult,race,State of art,0.002175729230185712,605
adult,race,State of art,0.002175729230185712,610
adult,race,State of art,0.002175729230185712,615
adult,race,State of art,0.002175729230185712,620
adult,race,State of art,0.002175729230185712,625
adult,race,State of art,0.002175729230185712,630
adult,race,State of art,0.002175729230185712,635
adult,race,State of art,0.002175729230185712,640
adult,race,State of art,0.002175729230185712,645
adult,race,State of art,0.002175729230185712,650
adult,race,State of art,0.002175729230185712,655
adult,race,State of art,0.002175729230185712,660
adult,race,State of art,0.002175729230185712,665
adult,race,State of art,0.002175729230185712,670
adult,race,State of art,0.002175729230185712,675
adult,race,State of art,0.002175729230185712,680
adult,race,State of art,0.002175729230185712,685
adult,race,State of art,0.002175729230185712,690
adult,race,State of art,0.002175729230185712,695
adult,race,State of art,0.002175729230185712,700
adult,race,State of art,0.002175729230185712,705
adult,race,State of art,0.002175729230185712,710
adult,race,State of art,0.002175729230185712,715
adult,race,State of art,0.002175729230185712,720
adult,race,State of art,0.002175729230185712,725
adult,race,State of art,0.002175729230185712,730
adult,race,State of art,0.002175729230185712,735
adult,race,State of art,0.002175729230185712,740
adult,race,State of art,0.002175729230185712,745
adult,race,State of art,0.002175729230185712,750
adult,race,State of art,0.002175729230185712,755
adult,race,State of art,0.002175729230185712,760
adult,race,State of art,0.002175729230185712,765
adult,race,State of art,0.002175729230185712,770
adult,race,State of art,0.002175729230185712,775
adult,race,State of art,0.002175729230185712,780
adult,race,State of art,0.002175729230185712,785
adult,race,State of art,0.002175729230185712,790
adult,race,State of art,0.002175729230185712,795
adult,race,State of art,0.002175729230185712,800
adult,race,State of art,0.002175729230185712,805
adult,race,State of art,0.002175729230185712,810
adult,race,State of art,0.002175729230185712,815
adult,race,State of art,0.002175729230185712,820
adult,race,State of art,0.002175729230185712,825
adult,race,State of art,0.002175729230185712,830
adult,race,State of art,0.002175729230185712,835
adult,race,State of art,0.002175729230185712,840
adult,race,State of art,0.002175729230185712,845
adult,race,State of art,0.002175729230185712,850
adult,race,State of art,0.002175729230185712,855
adult,race,State of art,0.002175729230185712,860
adult,race,State of art,0.002175729230185712,865
adult,race,State of art,0.002175729230185712,870
adult,race,State of art,0.002175729230185712,875
adult,race,State of art,0.002175729230185712,880
adult,race,State of art,0.002175729230185712,885
adult,race,State of art,0.002175729230185712,890
adult,race,State of art,0.002175729230185712,895
adult,race,State of art,0.002175729230185712,900
adult,race,State of art,0.002175729230185712,905
adult,race,State of art,0.002175729230185712,910
adult,race,State of art,0.002175729230185712,915
adult,race,State of art,0.002175729230185712,920
adult,race,State of art,0.002175729230185712,925
adult,race,State of art,0.002175729230185712,930
adult,race,State of art,0.002175729230185712,935
adult,race,State of art,0.002175729230185712,940
adult,race,State of art,0.002175729230185712,945
adult,race,State of art,0.002175729230185712,950
adult,race,State of art,0.002175729230185712,955
adult,race,State of art,0.002175729230185712,960
adult,race,State of art,0.002175729230185712,965
adult,race,State of art,0.002175729230185712,970
adult,race,State of art,0.002175729230185712,975
adult,race,State of art,0.002175729230185712,980
adult,race,State of art,0.002175729230185712,985
adult,race,State of art,0.002175729230185712,990
adult,race,State of art,0.002175729230185712,995
adult,race,State of art,0.002175729230185712,1000
adult,race,State of art,0.002175729230185712,1005
adult,race,State of art,0.002175729230185712,1010
adult,race,State of art,0.002175729230185712,1015
adult,race,State of art,0.002175729230185712,1020
adult,race,State of art,0.002175729230185712,1025
adult,race,State of art,0.002175729230185712,1030
adult,race,State of art,0.002175729230185712,1035
adult,race,State of art,0.002175729230185712,1040
adult,race,State of art,0.002175729230185712,1045
adult,race,State of art,0.002175729230185712,1050
adult,race,State of art,0.002175729230185712,1055
adult,race,State of art,0.002175729230185712,1060
adult,race,State of art,0.002175729230185712,1065
adult,race,State of art,0.002175729230185712,1070
adult,race,State of art,0.002175729230185712,1075
adult,race,State of art,0.002175729230185712,1080
adult,race,State of art,0.002175729230185712,1085
adult,race,State of art,0.002175729230185712,1090
adult,race,State of art,0.002175729230185712,1095
adult,race,State of art,0.002175729230185712,1100
adult,race,State of art,0.002175729230185712,1105
adult,race,State of art,0.002175729230185712,1110
adult,race,State of art,0.002175729230185712,1115
adult,race,State of art,0.002175729230185712,1120
adult,race,State of art,0.002175729230185712,1125
adult,race,State of art,0.002175729230185712,1130
adult,race,State of art,0.002175729230185712,1135
adult,race,State of art,0.002175729230185712,1140
adult,race,State of art,0.002175729230185712,1145
adult,race,State of art,0.002175729230185712,1150
adult,race,State of art,0.002175729230185712,1155
adult,sex,State of art,0.0746296001916518,0
adult,sex,State of art,0.0746296001916518,5
adult,sex,State of art,0.05517082946139726,10
adult,sex,State of art,0.05517082946139726,15
adult,sex,State of art,0.05517082946139726,20
adult,sex,State of art,0.05517082946139726,25
adult,sex,State of art,0.05517082946139726,30
adult,sex,State of art,0.05517082946139726,35
adult,sex,State of art,0.05517082946139726,40
adult,sex,State of art,0.05517082946139726,45
adult,sex,State of art,0.05517082946139726,50
adult,sex,State of art,0.05517082946139726,55
adult,sex,State of art,0.05517082946139726,60
adult,sex,State of art,0.05517082946139726,65
adult,sex,State of art,0.05517082946139726,70
adult,sex,State of art,0.05517082946139726,75
adult,sex,State of art,0.05517082946139726,80
adult,sex,State of art,0.03718782742446184,85
adult,sex,State of art,0.03718782742446184,90
adult,sex,State of art,0.035150333331310527,95
adult,sex,State of art,0.035150333331310527,100
adult,sex,State of art,0.033193633940494294,105
adult,sex,State of art,0.033193633940494294,110
adult,sex,State of art,0.033193633940494294,115
adult,sex,State of art,0.03149287508812261,120
adult,sex,State of art,0.03149287508812261,125
adult,sex,State of art,0.03149287508812261,130
adult,sex,State of art,0.03149287508812261,135
adult,sex,State of art,0.03149287508812261,140
adult,sex,State of art,0.03149287508812261,145
adult,sex,State of art,0.03149287508812261,150
adult,sex,State of art,0.03149287508812261,155
adult,sex,State of art,0.03149287508812261,160
adult,sex,State of art,0.03149287508812261,165
adult,sex,State of art,0.03149287508812261,170
adult,sex,State of art,0.03149287508812261,175
adult,sex,State of art,0.03149287508812261,180
adult,sex,State of art,0.03149287508812261,185
adult,sex,State of art,0.01907506519560154,190
adult,sex,State of art,0.01907506519560154,195
adult,sex,State of art,0.01907506519560154,200
adult,sex,State of art,0.01907506519560154,205
adult,sex,State of art,0.01907506519560154,210
adult,sex,State of art,0.01907506519560154,215
adult,sex,State of art,0.01907506519560154,220
adult,sex,State of art,0.01907506519560154,225
adult,sex,State of art,0.01907506519560154,230
adult,sex,State of art,0.01907506519560154,235
adult,sex,State of art,0.01907506519560154,240
adult,sex,State of art,0.01907506519560154,245
adult,sex,State of art,0.01907506519560154,250
adult,sex,State of art,0.01812103252683463,255
adult,sex,State of art,0.01812103252683463,260
adult,sex,State of art,0.01812103252683463,265
adult,sex,State of art,0.01812103252683463,270
adult,sex,State of art,0.01812103252683463,275
adult,sex,State of art,0.01812103252683463,280
adult,sex,State of art,0.01812103252683463,285
adult,sex,State of art,0.01812103252683463,290
adult,sex,State of art,0.01812103252683463,295
adult,sex,State of art,0.01812103252683463,300
adult,sex,State of art,0.01812103252683463,305
adult,sex,State of art,0.01812103252683463,310
adult,sex,State of art,0.01812103252683463,315
adult,sex,State of art,0.015568345250911369,320
adult,sex,State of art,0.015568345250911369,325
adult,sex,State of art,0.015568345250911369,330
adult,sex,State of art,0.015568345250911369,335
adult,sex,State of art,0.015568345250911369,340
adult,sex,State of art,0.015568345250911369,345
adult,sex,State of art,0.015568345250911369,350
adult,sex,State of art,0.015568345250911369,355
adult,sex,State of art,0.015568345250911369,360
adult,sex,State of art,0.015568345250911369,365
adult,sex,State of art,0.015568345250911369,370
adult,sex,State of art,0.015568345250911369,375
adult,sex,State of art,0.015568345250911369,380
adult,sex,State of art,0.015568345250911369,385
adult,sex,State of art,0.015568345250911369,390
adult,sex,State of art,0.015568345250911369,395
adult,sex,State of art,0.015568345250911369,400
adult,sex,State of art,0.015568345250911369,405
adult,sex,State of art,0.015568345250911369,410
adult,sex,State of art,0.015568345250911369,415
adult,sex,State of art,0.015568345250911369,420
adult,sex,State of art,0.015568345250911369,425
adult,sex,State of art,0.015568345250911369,430
adult,sex,State of art,0.015568345250911369,435
adult,sex,State of art,0.015568345250911369,440
adult,sex,State of art,0.015568345250911369,445
adult,sex,State of art,0.015568345250911369,450
adult,sex,State of art,0.014376242494730494,455
adult,sex,State of art,0.014376242494730494,460
adult,sex,State of art,0.014376242494730494,465
adult,sex,State of art,0.014376242494730494,470
adult,sex,State of art,0.014376242494730494,475
adult,sex,State of art,0.014376242494730494,480
adult,sex,State of art,0.014376242494730494,485
adult,sex,State of art,0.014376242494730494,490
adult,sex,State of art,0.014376242494730494,495
adult,sex,State of art,0.014376242494730494,500
adult,sex,State of art,0.014376242494730494,505
adult,sex,State of art,0.014376242494730494,510
adult,sex,State of art,0.014376242494730494,515
adult,sex,State of art,0.014376242494730494,520
adult,sex,State of art,0.014376242494730494,525
adult,sex,State of art,0.014376242494730494,530
adult,sex,State of art,0.014376242494730494,535
adult,sex,State of art,0.014376242494730494,540
adult,sex,State of art,0.014376242494730494,545
adult,sex,State of art,0.013734805676257112,550
adult,sex,State of art,0.013734805676257112,555
adult,sex,State of art,0.013734805676257112,560
adult,sex,State of art,0.013734805676257112,565
adult,sex,State of art,0.013734805676257112,570
adult,sex,State of art,0.013010720535961012,575
adult,sex,State of art,0.013010720535961012,580
adult,sex,State of art,0.013010720535961012,585
adult,sex,State of art,0.013010720535961012,590
adult,sex,State of art,0.013010720535961012,595
adult,sex,State of art,0.013010720535961012,600
adult,sex,State of art,0.013010720535961012,605
adult,sex,State of art,0.013010720535961012,610
adult,sex,State of art,0.013010720535961012,615
adult,sex,State of art,0.013010720535961012,620
adult,sex,State of art,0.013010720535961012,625
adult,sex,State of art,0.013010720535961012,630
adult,sex,State of art,0.013010720535961012,635
adult,sex,State of art,0.013010720535961012,640
adult,sex,State of art,0.013010720535961012,645
adult,sex,State of art,0.013010720535961012,650
adult,sex,State of art,0.013010720535961012,655
adult,sex,State of art,0.012382343715457895,660
adult,sex,State of art,0.012382343715457895,665
adult,sex,State of art,0.012382343715457895,670
adult,sex,State of art,0.012382343715457895,675
adult,sex,State of art,0.012382343715457895,680
adult,sex,State of art,0.012382343715457895,685
adult,sex,State of art,0.012382343715457895,690
adult,sex,State of art,0.012382343715457895,695
adult,sex,State of art,0.012382343715457895,700
adult,sex,State of art,0.012382343715457895,705
adult,sex,State of art,0.012382343715457895,710
adult,sex,State of art,0.012382343715457895,715
adult,sex,State of art,0.012382343715457895,720
adult,sex,State of art,0.012382343715457895,725
adult,sex,State of art,0.012382343715457895,730
adult,sex,State of art,0.012382343715457895,735
adult,sex,State of art,0.012382343715457895,740
adult,sex,State of art,0.012382343715457895,745
adult,sex,State of art,0.012382343715457895,750
adult,sex,State of art,0.012382343715457895,755
adult,sex,State of art,0.011978976984398478,760
adult,sex,State of art,0.011978976984398478,765
adult,sex,State of art,0.011978976984398478,770
adult,sex,State of art,0.011978976984398478,775
adult,sex,State of art,0.011978976984398478,780
adult,sex,State of art,0.011978976984398478,785
adult,sex,State of art,0.011978976984398478,790
adult,sex,State of art,0.011978976984398478,795
adult,sex,State of art,0.011978976984398478,800
adult,sex,State of art,0.011978976984398478,805
adult,sex,State of art,0.011978976984398478,810
adult,sex,State of art,0.011978976984398478,815
adult,sex,State of art,0.011978976984398478,820
adult,sex,State of art,0.011978976984398478,825
adult,sex,State of art,0.011978976984398478,830
adult,sex,State of art,0.011978976984398478,835
adult,sex,State of art,0.011978976984398478,840
adult,sex,State of art,0.011978976984398478,845
adult,sex,State of art,0.011978976984398478,850
adult,sex,State of art,0.011978976984398478,855
adult,sex,State of art,0.011978976984398478,860
adult,sex,State of art,0.011978976984398478,865
adult,sex,State of art,0.011978976984398478,870
adult,sex,State of art,0.011978976984398478,875
adult,sex,State of art,0.011978976984398478,880
adult,sex,State of art,0.011978976984398478,885
adult,sex,State of art,0.011978976984398478,890
adult,sex,State of art,0.011978976984398478,895
adult,sex,State of art,0.011978976984398478,900
adult,sex,State of art,0.011978976984398478,905
adult,sex,State of art,0.011978976984398478,910
adult,sex,State of art,0.011978976984398478,915
adult,sex,State of art,0.011978976984398478,920
adult,sex,State of art,0.011978976984398478,925
adult,sex,State of art,0.011978976984398478,930
adult,sex,State of art,0.011978976984398478,935
adult,sex,State of art,0.011978976984398478,940
adult,sex,State of art,0.011420188487747823,945
adult,sex,State of art,0.011420188487747823,950
adult,sex,State of art,0.011420188487747823,955
adult,sex,State of art,0.011420188487747823,960
adult,sex,State of art,0.011420188487747823,965
adult,sex,State of art,0.011420188487747823,970
adult,sex,State of art,0.011420188487747823,975
adult,sex,State of art,0.011420188487747823,980
adult,sex,State of art,0.010713769348141743,985
adult,sex,State of art,0.010713769348141743,990
adult,sex,State of art,0.010713769348141743,995
adult,sex,State of art,0.010713769348141743,1000
adult,sex,State of art,0.010713769348141743,1005
adult,sex,State of art,0.010713769348141743,1010
adult,sex,State of art,0.010713769348141743,1015
adult,sex,State of art,0.010713769348141743,1020
adult,sex,State of art,0.010713769348141743,1025
adult,sex,State of art,0.010713769348141743,1030
adult,sex,State of art,0.010713769348141743,1035
adult,sex,State of art,0.010713769348141743,1040
adult,sex,State of art,0.010713769348141743,1045
adult,sex,State of art,0.010713769348141743,1050
adult,sex,State of art,0.010713769348141743,1055
adult,sex,State of art,0.010713769348141743,1060
adult,sex,State of art,0.010713769348141743,1065
adult,sex,State of art,0.010713769348141743,1070
adult,sex,State of art,0.010713769348141743,1075
adult,sex,State of art,0.010713769348141743,1080
adult,sex,State of art,0.010713769348141743,1085
adult,sex,State of art,0.010713769348141743,1090
adult,sex,State of art,0.010713769348141743,1095
adult,sex,State of art,0.010713769348141743,1100
adult,sex,State of art,0.010713769348141743,1105
adult,sex,State of art,0.010713769348141743,1110
adult,sex,State of art,0.010713769348141743,1115
adult,sex,State of art,0.010713769348141743,1120
adult,sex,State of art,0.010713769348141743,1125
adult,sex,State of art,0.010713769348141743,1130
adult,sex,State of art,0.010713769348141743,1135
adult,sex,State of art,0.010713769348141743,1140
adult,sex,State of art,0.010713769348141743,1145
adult,sex,State of art,0.010713769348141743,1150
adult,sex,State of art,0.010713769348141743,1155
bank,age,State of art,0.09538842597010759,0
bank,age,State of art,0.07040506645750866,5
bank,age,State of art,0.04615048250865139,10
bank,age,State of art,0.04615048250865139,15
bank,age,State of art,0.04615048250865139,20
bank,age,State of art,0.04615048250865139,25
bank,age,State of art,0.008849457906423198,30
bank,age,State of art,0.008849457906423198,35
bank,age,State of art,0.008849457906423198,40
bank,age,State of art,0.008849457906423198,45
bank,age,State of art,0.008849457906423198,50
bank,age,State of art,0.008849457906423198,55
bank,age,State of art,0.008849457906423198,60
bank,age,State of art,0.008849457906423198,65
bank,age,State of art,0.008849457906423198,70
bank,age,State of art,0.008849457906423198,75
bank,age,State of art,0.008849457906423198,80
bank,age,State of art,0.008849457906423198,85
bank,age,State of art,0.008849457906423198,90
bank,age,State of art,0.008849457906423198,95
bank,age,State of art,0.008849457906423198,100
bank,age,State of art,0.008849457906423198,105
bank,age,State of art,0.008849457906423198,110
bank,age,State of art,0.008849457906423198,115
bank,age,State of art,0.008849457906423198,120
bank,age,State of art,0.008849457906423198,125
bank,age,State of art,0.008849457906423198,130
bank,age,State of art,0.008849457906423198,135
bank,age,State of art,0.008849457906423198,140
bank,age,State of art,0.008849457906423198,145
bank,age,State of art,0.008849457906423198,150
bank,age,State of art,0.008849457906423198,155
bank,age,State of art,0.008849457906423198,160
bank,age,State of art,0.008849457906423198,165
bank,age,State of art,0.008849457906423198,170
bank,age,State of art,0.008849457906423198,175
bank,age,State of art,0.008849457906423198,180
bank,age,State of art,0.008849457906423198,185
bank,age,State of art,0.008849457906423198,190
bank,age,State of art,0.008849457906423198,195
bank,age,State of art,0.008849457906423198,200
bank,age,State of art,0.008849457906423198,205
bank,age,State of art,0.008849457906423198,210
bank,age,State of art,0.008849457906423198,215
bank,age,State of art,0.008849457906423198,220
bank,age,State of art,0.008849457906423198,225
bank,age,State of art,0.008849457906423198,230
bank,age,State of art,0.008849457906423198,235
bank,age,State of art,0.008849457906423198,240
bank,age,State of art,0.008849457906423198,245
bank,age,State of art,0.008849457906423198,250
bank,age,State of art,0.008849457906423198,255
bank,age,State of art,0.008849457906423198,260
bank,age,State of art,0.008849457906423198,265
bank,age,State of art,0.008849457906423198,270
bank,age,State of art,0.008849457906423198,275
bank,age,State of art,0.008849457906423198,280
bank,age,State of art,0.008849457906423198,285
bank,age,State of art,0.008849457906423198,290
bank,age,State of art,0.008849457906423198,295
bank,age,State of art,0.008849457906423198,300
bank,age,State of art,0.008849457906423198,305
bank,age,State of art,0.008849457906423198,310
bank,age,State of art,0.008849457906423198,315
bank,age,State of art,0.008849457906423198,320
bank,age,State of art,0.008849457906423198,325
bank,age,State of art,0.008849457906423198,330
bank,age,State of art,0.008849457906423198,335
bank,age,State of art,0.008849457906423198,340
bank,age,State of art,0.008849457906423198,345
bank,age,State of art,0.008849457906423198,350
bank,age,State of art,0.008849457906423198,355
bank,age,State of art,0.008849457906423198,360
bank,age,State of art,0.008849457906423198,365
bank,age,State of art,0.008849457906423198,370
bank,age,State of art,0.008849457906423198,375
bank,age,State of art,0.008849457906423198,380
bank,age,State of art,0.008849457906423198,385
bank,age,State of art,0.008849457906423198,390
bank,age,State of art,0.008849457906423198,395
bank,age,State of art,0.008849457906423198,400
bank,age,State of art,0.008849457906423198,405
bank,age,State of art,0.008849457906423198,410
bank,age,State of art,0.008849457906423198,415
bank,age,State of art,0.008849457906423198,420
bank,age,State of art,0.008849457906423198,425
bank,age,State of art,0.008849457906423198,430
bank,age,State of art,0.008849457906423198,435
bank,age,State of art,0.008849457906423198,440
bank,age,State of art,0.008849457906423198,445
bank,age,State of art,0.008849457906423198,450
bank,age,State of art,0.008849457906423198,455
bank,age,State of art,0.008849457906423198,460
bank,age,State of art,0.008849457906423198,465
bank,age,State of art,0.008849457906423198,470
bank,age,State of art,0.008849457906423198,475
bank,age,State of art,0.008849457906423198,480
bank,age,State of art,0.008849457906423198,485
bank,age,State of art,0.008849457906423198,490
bank,age,State of art,0.008849457906423198,495
bank,age,State of art,0.008849457906423198,500
bank,age,State of art,0.008849457906423198,505
bank,age,State of art,0.008849457906423198,510
bank,age,State of art,0.008849457906423198,515
bank,age,State of art,0.008849457906423198,520
bank,age,State of art,0.008849457906423198,525
bank,age,State of art,0.008849457906423198,530
bank,age,State of art,0.008849457906423198,535
bank,age,State of art,0.008849457906423198,540
bank,age,State of art,0.008849457906423198,545
bank,age,State of art,0.008849457906423198,550
bank,age,State of art,0.008849457906423198,555
bank,age,State of art,0.008849457906423198,560
bank,age,State of art,0.008849457906423198,565
bank,age,State of art,0.008849457906423198,570
bank,age,State of art,0.008849457906423198,575
bank,age,State of art,0.008849457906423198,580
bank,age,State of art,0.008849457906423198,585
bank,age,State of art,0.008849457906423198,590
bank,age,State of art,0.008849457906423198,595
bank,age,State of art,0.008849457906423198,600
bank,age,State of art,0.008849457906423198,605
bank,age,State of art,0.008849457906423198,610
bank,age,State of art,0.008849457906423198,615
bank,age,State of art,0.008849457906423198,620
bank,age,State of art,0.008849457906423198,625
bank,age,State of art,0.008849457906423198,630
bank,age,State of art,0.008849457906423198,635
bank,age,State of art,0.008849457906423198,640
bank,age,State of art,0.008849457906423198,645
bank,age,State of art,0.008849457906423198,650
bank,age,State of art,0.008849457906423198,655
bank,age,State of art,0.008849457906423198,660
bank,age,State of art,0.008849457906423198,665
bank,age,State of art,0.008849457906423198,670
bank,age,State of art,0.008849457906423198,675
bank,age,State of art,0.008849457906423198,680
bank,age,State of art,0.008849457906423198,685
bank,age,State of art,0.008849457906423198,690
bank,age,State of art,0.008849457906423198,695
bank,age,State of art,0.008849457906423198,700
bank,age,State of art,0.008849457906423198,705
bank,age,State of art,0.008849457906423198,710
bank,age,State of art,0.008849457906423198,715
bank,age,State of art,0.008849457906423198,720
bank,age,State of art,0.008849457906423198,725
bank,age,State of art,0.008849457906423198,730
bank,age,State of art,0.008849457906423198,735
bank,age,State of art,0.008849457906423198,740
bank,age,State of art,0.008849457906423198,745
bank,age,State of art,0.008849457906423198,750
bank,age,State of art,0.008849457906423198,755
bank,age,State of art,0.008849457906423198,760
bank,age,State of art,0.008849457906423198,765
bank,age,State of art,0.008849457906423198,770
bank,age,State of art,0.008849457906423198,775
bank,age,State of art,0.008849457906423198,780
bank,age,State of art,0.008849457906423198,785
bank,age,State of art,0.008849457906423198,790
bank,age,State of art,0.008849457906423198,795
bank,age,State of art,0.008849457906423198,800
bank,age,State of art,0.008849457906423198,805
bank,age,State of art,0.008849457906423198,810
bank,age,State of art,0.008849457906423198,815
bank,age,State of art,0.008849457906423198,820
bank,age,State of art,0.008849457906423198,825
bank,age,State of art,0.008849457906423198,830
bank,age,State of art,0.008849457906423198,835
bank,age,State of art,0.008849457906423198,840
bank,age,State of art,0.008849457906423198,845
bank,age,State of art,0.008849457906423198,850
bank,age,State of art,0.008849457906423198,855
bank,age,State of art,0.008849457906423198,860
bank,age,State of art,0.008849457906423198,865
bank,age,State of art,0.008849457906423198,870
bank,age,State of art,0.008849457906423198,875
bank,age,State of art,0.008849457906423198,880
bank,age,State of art,0.008849457906423198,885
bank,age,State of art,0.008849457906423198,890
bank,age,State of art,0.008849457906423198,895
bank,age,State of art,0.008849457906423198,900
bank,age,State of art,0.008849457906423198,905
bank,age,State of art,0.008849457906423198,910
bank,age,State of art,0.008849457906423198,915
bank,age,State of art,0.008849457906423198,920
bank,age,State of art,0.008849457906423198,925
bank,age,State of art,0.008849457906423198,930
bank,age,State of art,0.008849457906423198,935
bank,age,State of art,0.008849457906423198,940
bank,age,State of art,0.008849457906423198,945
bank,age,State of art,0.008849457906423198,950
bank,age,State of art,0.008849457906423198,955
bank,age,State of art,0.008849457906423198,960
bank,age,State of art,0.008849457906423198,965
bank,age,State of art,0.008849457906423198,970
bank,age,State of art,0.008849457906423198,975
bank,age,State of art,0.008849457906423198,980
bank,age,State of art,0.008849457906423198,985
bank,age,State of art,0.008849457906423198,990
bank,age,State of art,0.008849457906423198,995
bank,age,State of art,0.008849457906423198,1000
bank,age,State of art,0.008849457906423198,1005
bank,age,State of art,0.008849457906423198,1010
bank,age,State of art,0.008849457906423198,1015
bank,age,State of art,0.008849457906423198,1020
bank,age,State of art,0.008849457906423198,1025
bank,age,State of art,0.008849457906423198,1030
bank,age,State of art,0.008849457906423198,1035
bank,age,State of art,0.008849457906423198,1040
bank,age,State of art,0.008849457906423198,1045
bank,age,State of art,0.008849457906423198,1050
bank,age,State of art,0.008849457906423198,1055
bank,age,State of art,0.008849457906423198,1060
bank,age,State of art,0.008849457906423198,1065
bank,age,State of art,0.008849457906423198,1070
bank,age,State of art,0.008849457906423198,1075
bank,age,State of art,0.008849457906423198,1080
bank,age,State of art,0.008849457906423198,1085
bank,age,State of art,0.008849457906423198,1090
bank,age,State of art,0.008849457906423198,1095
bank,age,State of art,0.008849457906423198,1100
bank,age,State of art,0.008849457906423198,1105
bank,age,State of art,0.008849457906423198,1110
bank,age,State of art,0.008849457906423198,1115
bank,age,State of art,0.008849457906423198,1120
bank,age,State of art,0.008849457906423198,1125
bank,age,State of art,0.008849457906423198,1130
bank,age,State of art,0.008849457906423198,1135
bank,age,State of art,0.008849457906423198,1140
bank,age,State of art,0.008849457906423198,1145
bank,age,State of art,0.008849457906423198,1150
bank,age,State of art,0.008849457906423198,1155
compas,race,State of art,0.11455114335224734,0
compas,race,State of art,0.06728084450750796,5
compas,race,State of art,0.06728084450750796,10
compas,race,State of art,0.032608399644249664,15
compas,race,State of art,0.032608399644249664,20
compas,race,State of art,0.013818817262367111,25
compas,race,State of art,0.013818817262367111,30
compas,race,State of art,0.013818817262367111,35
compas,race,State of art,0.013818817262367111,40
compas,race,State of art,0.013818817262367111,45
compas,race,State of art,0.013818817262367111,50
compas,race,State of art,0.013818817262367111,55
compas,race,State of art,0.013818817262367111,60
compas,race,State of art,0.013818817262367111,65
compas,race,State of art,0.013818817262367111,70
compas,race,State of art,0.013818817262367111,75
compas,race,State of art,0.013818817262367111,80
compas,race,State of art,0.013818817262367111,85
compas,race,State of art,0.013818817262367111,90
compas,race,State of art,0.013818817262367111,95
compas,race,State of art,0.013818817262367111,100
compas,race,State of art,0.013818817262367111,105
compas,race,State of art,0.013818817262367111,110
compas,race,State of art,0.013818817262367111,115
compas,race,State of art,0.013818817262367111,120
compas,race,State of art,0.013818817262367111,125
compas,race,State of art,0.013818817262367111,130
compas,race,State of art,0.013818817262367111,135
compas,race,State of art,0.013818817262367111,140
compas,race,State of art,0.013818817262367111,145
compas,race,State of art,0.013818817262367111,150
compas,race,State of art,0.013818817262367111,155
compas,race,State of art,0.013818817262367111,160
compas,race,State of art,0.013818817262367111,165
compas,race,State of art,0.013818817262367111,170
compas,race,State of art,0.013818817262367111,175
compas,race,State of art,0.013818817262367111,180
compas,race,State of art,0.013818817262367111,185
compas,race,State of art,0.013818817262367111,190
compas,race,State of art,0.013818817262367111,195
compas,race,State of art,0.013818817262367111,200
compas,race,State of art,0.013818817262367111,205
compas,race,State of art,0.013818817262367111,210
compas,race,State of art,0.013818817262367111,215
compas,race,State of art,0.013818817262367111,220
compas,race,State of art,0.013818817262367111,225
compas,race,State of art,0.013818817262367111,230
compas,race,State of art,0.013818817262367111,235
compas,race,State of art,0.013818817262367111,240
compas,race,State of art,0.013818817262367111,245
compas,race,State of art,0.013818817262367111,250
compas,race,State of art,0.013818817262367111,255
compas,race,State of art,0.013818817262367111,260
compas,race,State of art,0.013818817262367111,265
compas,race,State of art,0.013818817262367111,270
compas,race,State of art,0.013818817262367111,275
compas,race,State of art,0.013818817262367111,280
compas,race,State of art,0.013818817262367111,285
compas,race,State of art,0.013818817262367111,290
compas,race,State of art,0.013818817262367111,295
compas,race,State of art,0.013818817262367111,300
compas,race,State of art,0.013818817262367111,305
compas,race,State of art,0.013818817262367111,310
compas,race,State of art,0.013818817262367111,315
compas,race,State of art,0.013818817262367111,320
compas,race,State of art,0.013818817262367111,325
compas,race,State of art,0.013818817262367111,330
compas,race,State of art,0.013818817262367111,335
compas,race,State of art,0.013818817262367111,340
compas,race,State of art,0.013818817262367111,345
compas,race,State of art,0.013818817262367111,350
compas,race,State of art,0.013818817262367111,355
compas,race,State of art,0.013818817262367111,360
compas,race,State of art,0.013818817262367111,365
compas,race,State of art,0.013818817262367111,370
compas,race,State of art,0.013818817262367111,375
compas,race,State of art,0.013818817262367111,380
compas,race,State of art,0.013818817262367111,385
compas,race,State of art,0.013818817262367111,390
compas,race,State of art,0.013818817262367111,395
compas,race,State of art,0.013818817262367111,400
compas,race,State of art,0.013818817262367111,405
compas,race,State of art,0.013818817262367111,410
compas,race,State of art,0.013818817262367111,415
compas,race,State of art,0.013818817262367111,420
compas,race,State of art,0.013818817262367111,425
compas,race,State of art,0.013818817262367111,430
compas,race,State of art,0.013818817262367111,435
compas,race,State of art,0.013818817262367111,440
compas,race,State of art,0.013818817262367111,445
compas,race,State of art,0.013818817262367111,450
compas,race,State of art,0.013818817262367111,455
compas,race,State of art,0.013818817262367111,460
compas,race,State of art,0.013818817262367111,465
compas,race,State of art,0.013818817262367111,470
compas,race,State of art,0.013818817262367111,475
compas,race,State of art,0.013818817262367111,480
compas,race,State of art,0.013818817262367111,485
compas,race,State of art,0.013818817262367111,490
compas,race,State of art,0.013818817262367111,495
compas,race,State of art,0.013818817262367111,500
compas,race,State of art,0.013818817262367111,505
compas,race,State of art,0.013818817262367111,510
compas,race,State of art,0.013818817262367111,515
compas,race,State of art,0.013818817262367111,520
compas,race,State of art,0.013818817262367111,525
compas,race,State of art,0.013818817262367111,530
compas,race,State of art,0.013818817262367111,535
compas,race,State of art,0.013818817262367111,540
compas,race,State of art,0.013818817262367111,545
compas,race,State of art,0.013818817262367111,550
compas,race,State of art,0.013818817262367111,555
compas,race,State of art,0.013818817262367111,560
compas,race,State of art,0.013818817262367111,565
compas,race,State of art,0.013818817262367111,570
compas,race,State of art,0.013818817262367111,575
compas,race,State of art,0.013818817262367111,580
compas,race,State of art,0.013818817262367111,585
compas,race,State of art,0.013818817262367111,590
compas,race,State of art,0.013818817262367111,595
compas,race,State of art,0.013818817262367111,600
compas,race,State of art,0.013818817262367111,605
compas,race,State of art,0.013818817262367111,610
compas,race,State of art,0.013818817262367111,615
compas,race,State of art,0.013818817262367111,620
compas,race,State of art,0.013818817262367111,625
compas,race,State of art,0.013818817262367111,630
compas,race,State of art,0.013818817262367111,635
compas,race,State of art,0.013818817262367111,640
compas,race,State of art,0.013818817262367111,645
compas,race,State of art,0.013818817262367111,650
compas,race,State of art,0.013818817262367111,655
compas,race,State of art,0.013818817262367111,660
compas,race,State of art,0.013818817262367111,665
compas,race,State of art,0.013818817262367111,670
compas,race,State of art,0.013818817262367111,675
compas,race,State of art,0.013818817262367111,680
compas,race,State of art,0.013818817262367111,685
compas,race,State of art,0.013818817262367111,690
compas,race,State of art,0.013818817262367111,695
compas,race,State of art,0.013818817262367111,700
compas,race,State of art,0.013818817262367111,705
compas,race,State of art,0.013818817262367111,710
compas,race,State of art,0.013818817262367111,715
compas,race,State of art,0.013818817262367111,720
compas,race,State of art,0.013818817262367111,725
compas,race,State of art,0.013818817262367111,730
compas,race,State of art,0.013818817262367111,735
compas,race,State of art,0.013818817262367111,740
compas,race,State of art,0.013818817262367111,745
compas,race,State of art,0.013818817262367111,750
compas,race,State of art,0.013818817262367111,755
compas,race,State of art,0.013818817262367111,760
compas,race,State of art,0.013818817262367111,765
compas,race,State of art,0.013818817262367111,770
compas,race,State of art,0.013818817262367111,775
compas,race,State of art,0.013818817262367111,780
compas,race,State of art,0.013818817262367111,785
compas,race,State of art,0.013818817262367111,790
compas,race,State of art,0.013818817262367111,795
compas,race,State of art,0.013818817262367111,800
compas,race,State of art,0.013818817262367111,805
compas,race,State of art,0.013818817262367111,810
compas,race,State of art,0.013818817262367111,815
compas,race,State of art,0.013818817262367111,820
compas,race,State of art,0.013818817262367111,825
compas,race,State of art,0.013818817262367111,830
compas,race,State of art,0.013818817262367111,835
compas,race,State of art,0.013818817262367111,840
compas,race,State of art,0.013818817262367111,845
compas,race,State of art,0.013818817262367111,850
compas,race,State of art,0.013818817262367111,855
compas,race,State of art,0.013818817262367111,860
compas,race,State of art,0.013818817262367111,865
compas,race,State of art,0.013818817262367111,870
compas,race,State of art,0.013818817262367111,875
compas,race,State of art,0.013818817262367111,880
compas,race,State of art,0.013818817262367111,885
compas,race,State of art,0.013818817262367111,890
compas,race,State of art,0.013818817262367111,895
compas,race,State of art,0.013818817262367111,900
compas,race,State of art,0.013818817262367111,905
compas,race,State of art,0.013818817262367111,910
compas,race,State of art,0.013818817262367111,915
compas,race,State of art,0.013818817262367111,920
compas,race,State of art,0.013818817262367111,925
compas,race,State of art,0.013818817262367111,930
compas,race,State of art,0.013818817262367111,935
compas,race,State of art,0.013818817262367111,940
compas,race,State of art,0.013818817262367111,945
compas,race,State of art,0.013818817262367111,950
compas,race,State of art,0.013818817262367111,955
compas,race,State of art,0.013818817262367111,960
compas,race,State of art,0.013818817262367111,965
compas,race,State of art,0.013818817262367111,970
compas,race,State of art,0.013818817262367111,975
compas,race,State of art,0.013818817262367111,980
compas,race,State of art,0.013818817262367111,985
compas,race,State of art,0.013818817262367111,990
compas,race,State of art,0.013818817262367111,995
compas,race,State of art,0.013818817262367111,1000
compas,race,State of art,0.013818817262367111,1005
compas,race,State of art,0.013818817262367111,1010
compas,race,State of art,0.013818817262367111,1015
compas,race,State of art,0.013818817262367111,1020
compas,race,State of art,0.013818817262367111,1025
compas,race,State of art,0.013818817262367111,1030
compas,race,State of art,0.013818817262367111,1035
compas,race,State of art,0.013818817262367111,1040
compas,race,State of art,0.013818817262367111,1045
compas,race,State of art,0.013818817262367111,1050
compas,race,State of art,0.013818817262367111,1055
compas,race,State of art,0.013818817262367111,1060
compas,race,State of art,0.013818817262367111,1065
compas,race,State of art,0.013818817262367111,1070
compas,race,State of art,0.013818817262367111,1075
compas,race,State of art,0.013818817262367111,1080
compas,race,State of art,0.013818817262367111,1085
compas,race,State of art,0.013818817262367111,1090
compas,race,State of art,0.013818817262367111,1095
compas,race,State of art,0.013818817262367111,1100
compas,race,State of art,0.013818817262367111,1105
compas,race,State of art,0.013818817262367111,1110
compas,race,State of art,0.013818817262367111,1115
compas,race,State of art,0.013818817262367111,1120
compas,race,State of art,0.013818817262367111,1125
compas,race,State of art,0.013818817262367111,1130
compas,race,State of art,0.013818817262367111,1135
compas,race,State of art,0.013818817262367111,1140
compas,race,State of art,0.013818817262367111,1145
compas,race,State of art,0.013818817262367111,1150
compas,race,State of art,0.013818817262367111,1155
compas,sex,State of art,0.0843253968253968,0
compas,sex,State of art,0.018082611832611895,5
compas,sex,State of art,0.005230880230880253,10
compas,sex,State of art,0.005230880230880253,15
compas,sex,State of art,0.004396645021645024,20
compas,sex,State of art,0.004396645021645024,25
compas,sex,State of art,0.004396645021645024,30
compas,sex,State of art,0.004396645021645024,35
compas,sex,State of art,0.004396645021645024,40
compas,sex,State of art,0.004396645021645024,45
compas,sex,State of art,0.004396645021645024,50
compas,sex,State of art,0.004396645021645024,55
compas,sex,State of art,0.004396645021645024,60
compas,sex,State of art,0.004396645021645024,65
compas,sex,State of art,0.004396645021645024,70
compas,sex,State of art,0.004396645021645024,75
compas,sex,State of art,0.004396645021645024,80
compas,sex,State of art,0.004396645021645024,85
compas,sex,State of art,0.004396645021645024,90
compas,sex,State of art,0.004396645021645024,95
compas,sex,State of art,0.004396645021645024,100
compas,sex,State of art,0.004396645021645024,105
compas,sex,State of art,0.004396645021645024,110
compas,sex,State of art,0.004396645021645024,115
compas,sex,State of art,0.004396645021645024,120
compas,sex,State of art,0.004396645021645024,125
compas,sex,State of art,0.004396645021645024,130
compas,sex,State of art,0.004396645021645024,135
compas,sex,State of art,0.004396645021645024,140
compas,sex,State of art,0.004396645021645024,145
compas,sex,State of art,0.004396645021645024,150
compas,sex,State of art,0.004396645021645024,155
compas,sex,State of art,0.004396645021645024,160
compas,sex,State of art,0.004396645021645024,165
compas,sex,State of art,0.004396645021645024,170
compas,sex,State of art,0.004396645021645024,175
compas,sex,State of art,0.004396645021645024,180
compas,sex,State of art,0.004396645021645024,185
compas,sex,State of art,0.004396645021645024,190
compas,sex,State of art,0.004396645021645024,195
compas,sex,State of art,0.004396645021645024,200
compas,sex,State of art,0.004396645021645024,205
compas,sex,State of art,0.004396645021645024,210
compas,sex,State of art,0.004396645021645024,215
compas,sex,State of art,0.004396645021645024,220
compas,sex,State of art,0.004396645021645024,225
compas,sex,State of art,0.004396645021645024,230
compas,sex,State of art,0.004396645021645024,235
compas,sex,State of art,0.004396645021645024,240
compas,sex,State of art,0.004396645021645024,245
compas,sex,State of art,0.004396645021645024,250
compas,sex,State of art,0.004396645021645024,255
compas,sex,State of art,0.004396645021645024,260
compas,sex,State of art,0.004396645021645024,265
compas,sex,State of art,0.004396645021645024,270
compas,sex,State of art,0.004396645021645024,275
compas,sex,State of art,0.004396645021645024,280
compas,sex,State of art,0.004396645021645024,285
compas,sex,State of art,0.004396645021645024,290
compas,sex,State of art,0.004396645021645024,295
compas,sex,State of art,0.004396645021645024,300
compas,sex,State of art,0.004396645021645024,305
compas,sex,State of art,0.004396645021645024,310
compas,sex,State of art,0.004396645021645024,315
compas,sex,State of art,0.004396645021645024,320
compas,sex,State of art,0.004396645021645024,325
compas,sex,State of art,0.004396645021645024,330
compas,sex,State of art,0.004396645021645024,335
compas,sex,State of art,0.004396645021645024,340
compas,sex,State of art,0.004396645021645024,345
compas,sex,State of art,0.004396645021645024,350
compas,sex,State of art,0.004396645021645024,355
compas,sex,State of art,0.004396645021645024,360
compas,sex,State of art,0.004396645021645024,365
compas,sex,State of art,0.004396645021645024,370
compas,sex,State of art,0.004396645021645024,375
compas,sex,State of art,0.004396645021645024,380
compas,sex,State of art,0.004396645021645024,385
compas,sex,State of art,0.004396645021645024,390
compas,sex,State of art,0.004396645021645024,395
compas,sex,State of art,0.004396645021645024,400
compas,sex,State of art,0.004396645021645024,405
compas,sex,State of art,0.004396645021645024,410
compas,sex,State of art,0.004396645021645024,415
compas,sex,State of art,0.004396645021645024,420
compas,sex,State of art,0.004396645021645024,425
compas,sex,State of art,0.004396645021645024,430
compas,sex,State of art,0.004396645021645024,435
compas,sex,State of art,0.004396645021645024,440
compas,sex,State of art,0.004396645021645024,445
compas,sex,State of art,0.004396645021645024,450
compas,sex,State of art,0.004396645021645024,455
compas,sex,State of art,0.004396645021645024,460
compas,sex,State of art,0.004396645021645024,465
compas,sex,State of art,0.004396645021645024,470
compas,sex,State of art,0.004396645021645024,475
compas,sex,State of art,0.004396645021645024,480
compas,sex,State of art,0.004396645021645024,485
compas,sex,State of art,0.004396645021645024,490
compas,sex,State of art,0.004396645021645024,495
compas,sex,State of art,0.004396645021645024,500
compas,sex,State of art,0.004396645021645024,505
compas,sex,State of art,0.004396645021645024,510
compas,sex,State of art,0.004396645021645024,515
compas,sex,State of art,0.004396645021645024,520
compas,sex,State of art,0.004396645021645024,525
compas,sex,State of art,0.004396645021645024,530
compas,sex,State of art,0.004396645021645024,535
compas,sex,State of art,0.004396645021645024,540
compas,sex,State of art,0.004396645021645024,545
compas,sex,State of art,0.004396645021645024,550
compas,sex,State of art,0.004396645021645024,555
compas,sex,State of art,0.004396645021645024,560
compas,sex,State of art,0.004396645021645024,565
compas,sex,State of art,0.004396645021645024,570
compas,sex,State of art,0.004396645021645024,575
compas,sex,State of art,0.004396645021645024,580
compas,sex,State of art,0.004396645021645024,585
compas,sex,State of art,0.004396645021645024,590
compas,sex,State of art,0.004396645021645024,595
compas,sex,State of art,0.004396645021645024,600
compas,sex,State of art,0.004396645021645024,605
compas,sex,State of art,0.004396645021645024,610
compas,sex,State of art,0.004396645021645024,615
compas,sex,State of art,0.004396645021645024,620
compas,sex,State of art,0.004396645021645024,625
compas,sex,State of art,0.004396645021645024,630
compas,sex,State of art,0.004396645021645024,635
compas,sex,State of art,0.004396645021645024,640
compas,sex,State of art,0.004396645021645024,645
compas,sex,State of art,0.004396645021645024,650
compas,sex,State of art,0.004396645021645024,655
compas,sex,State of art,0.004396645021645024,660
compas,sex,State of art,0.004396645021645024,665
compas,sex,State of art,0.004396645021645024,670
compas,sex,State of art,0.004396645021645024,675
compas,sex,State of art,0.004396645021645024,680
compas,sex,State of art,0.004396645021645024,685
compas,sex,State of art,0.004396645021645024,690
compas,sex,State of art,0.004396645021645024,695
compas,sex,State of art,0.004396645021645024,700
compas,sex,State of art,0.004396645021645024,705
compas,sex,State of art,0.004396645021645024,710
compas,sex,State of art,0.004396645021645024,715
compas,sex,State of art,0.004396645021645024,720
compas,sex,State of art,0.004396645021645024,725
compas,sex,State of art,0.004396645021645024,730
compas,sex,State of art,0.004396645021645024,735
compas,sex,State of art,0.004396645021645024,740
compas,sex,State of art,0.004396645021645024,745
compas,sex,State of art,0.004396645021645024,750
compas,sex,State of art,0.004396645021645024,755
compas,sex,State of art,0.004396645021645024,760
compas,sex,State of art,0.004396645021645024,765
compas,sex,State of art,0.004396645021645024,770
compas,sex,State of art,0.004396645021645024,775
compas,sex,State of art,0.004396645021645024,780
compas,sex,State of art,0.004396645021645024,785
compas,sex,State of art,0.004396645021645024,790
compas,sex,State of art,0.004396645021645024,795
compas,sex,State of art,0.004396645021645024,800
compas,sex,State of art,0.004396645021645024,805
compas,sex,State of art,0.004396645021645024,810
compas,sex,State of art,0.004396645021645024,815
compas,sex,State of art,0.004396645021645024,820
compas,sex,State of art,0.004396645021645024,825
compas,sex,State of art,0.004396645021645024,830
compas,sex,State of art,0.004396645021645024,835
compas,sex,State of art,0.004396645021645024,840
compas,sex,State of art,0.004396645021645024,845
compas,sex,State of art,0.004396645021645024,850
compas,sex,State of art,0.004396645021645024,855
compas,sex,State of art,0.004396645021645024,860
compas,sex,State of art,0.004396645021645024,865
compas,sex,State of art,0.004396645021645024,870
compas,sex,State of art,0.004396645021645024,875
compas,sex,State of art,0.004396645021645024,880
compas,sex,State of art,0.004396645021645024,885
compas,sex,State of art,0.004396645021645024,890
compas,sex,State of art,0.004396645021645024,895
compas,sex,State of art,0.004396645021645024,900
compas,sex,State of art,0.004396645021645024,905
compas,sex,State of art,0.004396645021645024,910
compas,sex,State of art,0.004396645021645024,915
compas,sex,State of art,0.004396645021645024,920
compas,sex,State of art,0.004396645021645024,925
compas,sex,State of art,0.004396645021645024,930
compas,sex,State of art,0.004396645021645024,935
compas,sex,State of art,0.004396645021645024,940
compas,sex,State of art,0.004396645021645024,945
compas,sex,State of art,0.004396645021645024,950
compas,sex,State of art,0.004396645021645024,955
compas,sex,State of art,0.004396645021645024,960
compas,sex,State of art,0.004396645021645024,965
compas,sex,State of art,0.004396645021645024,970
compas,sex,State of art,0.004396645021645024,975
compas,sex,State of art,0.004396645021645024,980
compas,sex,State of art,0.004396645021645024,985
compas,sex,State of art,0.004396645021645024,990
compas,sex,State of art,0.004396645021645024,995
compas,sex,State of art,0.004396645021645024,1000
compas,sex,State of art,0.004396645021645024,1005
compas,sex,State of art,0.004396645021645024,1010
compas,sex,State of art,0.004396645021645024,1015
compas,sex,State of art,0.004396645021645024,1020
compas,sex,State of art,0.004396645021645024,1025
compas,sex,State of art,0.004396645021645024,1030
compas,sex,State of art,0.004396645021645024,1035
compas,sex,State of art,0.004396645021645024,1040
compas,sex,State of art,0.004396645021645024,1045
compas,sex,State of art,0.004396645021645024,1050
compas,sex,State of art,0.004396645021645024,1055
compas,sex,State of art,0.004396645021645024,1060
compas,sex,State of art,0.004396645021645024,1065
compas,sex,State of art,0.004396645021645024,1070
compas,sex,State of art,0.004396645021645024,1075
compas,sex,State of art,0.004396645021645024,1080
compas,sex,State of art,0.004396645021645024,1085
compas,sex,State of art,0.004396645021645024,1090
compas,sex,State of art,0.004396645021645024,1095
compas,sex,State of art,0.004396645021645024,1100
compas,sex,State of art,0.004396645021645024,1105
compas,sex,State of art,0.004396645021645024,1110
compas,sex,State of art,0.004396645021645024,1115
compas,sex,State of art,0.004396645021645024,1120
compas,sex,State of art,0.004396645021645024,1125
compas,sex,State of art,0.004396645021645024,1130
compas,sex,State of art,0.004396645021645024,1135
compas,sex,State of art,0.004396645021645024,1140
compas,sex,State of art,0.004396645021645024,1145
compas,sex,State of art,0.004396645021645024,1150
compas,sex,State of art,0.004396645021645024,1155
german,age,State of art,0.11213527851458888,0
german,age,State of art,0.11213527851458888,5
german,age,State of art,0.11213527851458888,10
german,age,State of art,0.11213527851458888,15
german,age,State of art,0.11213527851458888,20
german,age,State of art,0.11213527851458888,25
german,age,State of art,0.11213527851458888,30
german,age,State of art,0.11213527851458888,35
german,age,State of art,0.11213527851458888,40
german,age,State of art,0.11213527851458888,45
german,age,State of art,0.11213527851458888,50
german,age,State of art,0.11213527851458888,55
german,age,State of art,0.11213527851458888,60
german,age,State of art,0.11213527851458888,65
german,age,State of art,0.11213527851458888,70
german,age,State of art,0.11213527851458888,75
german,age,State of art,0.11213527851458888,80
german,age,State of art,0.11213527851458888,85
german,age,State of art,0.11213527851458888,90
german,age,State of art,0.11213527851458888,95
german,age,State of art,0.11213527851458888,100
german,age,State of art,0.11213527851458888,105
german,age,State of art,0.11213527851458888,110
german,age,State of art,0.11213527851458888,115
german,age,State of art,0.11213527851458888,120
german,age,State of art,0.11213527851458888,125
german,age,State of art,0.11213527851458888,130
german,age,State of art,0.11213527851458888,135
german,age,State of art,0.11213527851458888,140
german,age,State of art,0.11213527851458888,145
german,age,State of art,0.11213527851458888,150
german,age,State of art,0.11213527851458888,155
german,age,State of art,0.11213527851458888,160
german,age,State of art,0.11213527851458888,165
german,age,State of art,0.11213527851458888,170
german,age,State of art,0.11213527851458888,175
german,age,State of art,0.11213527851458888,180
german,age,State of art,0.11213527851458888,185
german,age,State of art,0.11213527851458888,190
german,age,State of art,0.11213527851458888,195
german,age,State of art,0.11213527851458888,200
german,age,State of art,0.11213527851458888,205
german,age,State of art,0.11213527851458888,210
german,age,State of art,0.11213527851458888,215
german,age,State of art,0.11213527851458888,220
german,age,State of art,0.11213527851458888,225
german,age,State of art,0.11213527851458888,230
german,age,State of art,0.11213527851458888,235
german,age,State of art,0.11213527851458888,240
german,age,State of art,0.11213527851458888,245
german,age,State of art,0.11213527851458888,250
german,age,State of art,0.11213527851458888,255
german,age,State of art,0.11213527851458888,260
german,age,State of art,0.11213527851458888,265
german,age,State of art,0.11213527851458888,270
german,age,State of art,0.11213527851458888,275
german,age,State of art,0.11213527851458888,280
german,age,State of art,0.11213527851458888,285
german,age,State of art,0.11213527851458888,290
german,age,State of art,0.11213527851458888,295
german,age,State of art,0.11213527851458888,300
german,age,State of art,0.11213527851458888,305
german,age,State of art,0.11213527851458888,310
german,age,State of art,0.11213527851458888,315
german,age,State of art,0.11213527851458888,320
german,age,State of art,0.11213527851458888,325
german,age,State of art,0.11213527851458888,330
german,age,State of art,0.11213527851458888,335
german,age,State of art,0.11213527851458888,340
german,age,State of art,0.11213527851458888,345
german,age,State of art,0.11213527851458888,350
german,age,State of art,0.11213527851458888,355
german,age,State of art,0.11213527851458888,360
german,age,State of art,0.11213527851458888,365
german,age,State of art,0.11213527851458888,370
german,age,State of art,0.11213527851458888,375
german,age,State of art,0.11213527851458888,380
german,age,State of art,0.11213527851458888,385
german,age,State of art,0.11213527851458888,390
german,age,State of art,0.11213527851458888,395
german,age,State of art,0.11213527851458888,400
german,age,State of art,0.11213527851458888,405
german,age,State of art,0.11213527851458888,410
german,age,State of art,0.11213527851458888,415
german,age,State of art,0.11213527851458888,420
german,age,State of art,0.11213527851458888,425
german,age,State of art,0.11213527851458888,430
german,age,State of art,0.11213527851458888,435
german,age,State of art,0.11213527851458888,440
german,age,State of art,0.11213527851458888,445
german,age,State of art,0.11213527851458888,450
german,age,State of art,0.11213527851458888,455
german,age,State of art,0.11213527851458888,460
german,age,State of art,0.11213527851458888,465
german,age,State of art,0.11213527851458888,470
german,age,State of art,0.11213527851458888,475
german,age,State of art,0.11213527851458888,480
german,age,State of art,0.11213527851458888,485
german,age,State of art,0.11213527851458888,490
german,age,State of art,0.11213527851458888,495
german,age,State of art,0.11213527851458888,500
german,age,State of art,0.11213527851458888,505
german,age,State of art,0.11213527851458888,510
german,age,State of art,0.11213527851458888,515
german,age,State of art,0.11213527851458888,520
german,age,State of art,0.11213527851458888,525
german,age,State of art,0.11213527851458888,530
german,age,State of art,0.11213527851458888,535
german,age,State of art,0.11213527851458888,540
german,age,State of art,0.11213527851458888,545
german,age,State of art,0.11213527851458888,550
german,age,State of art,0.11213527851458888,555
german,age,State of art,0.11213527851458888,560
german,age,State of art,0.11213527851458888,565
german,age,State of art,0.11213527851458888,570
german,age,State of art,0.11213527851458888,575
german,age,State of art,0.11213527851458888,580
german,age,State of art,0.11213527851458888,585
german,age,State of art,0.11213527851458888,590
german,age,State of art,0.11213527851458888,595
german,age,State of art,0.11213527851458888,600
german,age,State of art,0.11213527851458888,605
german,age,State of art,0.11213527851458888,610
german,age,State of art,0.11213527851458888,615
german,age,State of art,0.11213527851458888,620
german,age,State of art,0.11213527851458888,625
german,age,State of art,0.11213527851458888,630
german,age,State of art,0.11213527851458888,635
german,age,State of art,0.11213527851458888,640
german,age,State of art,0.11213527851458888,645
german,age,State of art,0.11213527851458888,650
german,age,State of art,0.11213527851458888,655
german,age,State of art,0.11213527851458888,660
german,age,State of art,0.11213527851458888,665
german,age,State of art,0.11213527851458888,670
german,age,State of art,0.11213527851458888,675
german,age,State of art,0.11213527851458888,680
german,age,State of art,0.11213527851458888,685
german,age,State of art,0.11213527851458888,690
german,age,State of art,0.11213527851458888,695
german,age,State of art,0.11213527851458888,700
german,age,State of art,0.11213527851458888,705
german,age,State of art,0.11213527851458888,710
german,age,State of art,0.11213527851458888,715
german,age,State of art,0.11213527851458888,720
german,age,State of art,0.11213527851458888,725
german,age,State of art,0.11213527851458888,730
german,age,State of art,0.11213527851458888,735
german,age,State of art,0.11213527851458888,740
german,age,State of art,0.11213527851458888,745
german,age,State of art,0.11213527851458888,750
german,age,State of art,0.11213527851458888,755
german,age,State of art,0.11213527851458888,760
german,age,State of art,0.11213527851458888,765
german,age,State of art,0.11213527851458888,770
german,age,State of art,0.11213527851458888,775
german,age,State of art,0.11213527851458888,780
german,age,State of art,0.11213527851458888,785
german,age,State of art,0.11213527851458888,790
german,age,State of art,0.11213527851458888,795
german,age,State of art,0.11213527851458888,800
german,age,State of art,0.11213527851458888,805
german,age,State of art,0.11213527851458888,810
german,age,State of art,0.11213527851458888,815
german,age,State of art,0.11213527851458888,820
german,age,State of art,0.11213527851458888,825
german,age,State of art,0.11213527851458888,830
german,age,State of art,0.11213527851458888,835
german,age,State of art,0.11213527851458888,840
german,age,State of art,0.11213527851458888,845
german,age,State of art,0.11213527851458888,850
german,age,State of art,0.11213527851458888,855
german,age,State of art,0.11213527851458888,860
german,age,State of art,0.11213527851458888,865
german,age,State of art,0.11213527851458888,870
german,age,State of art,0.11213527851458888,875
german,age,State of art,0.11213527851458888,880
german,age,State of art,0.11213527851458888,885
german,age,State of art,0.11213527851458888,890
german,age,State of art,0.11213527851458888,895
german,age,State of art,0.11213527851458888,900
german,age,State of art,0.11213527851458888,905
german,age,State of art,0.11213527851458888,910
german,age,State of art,0.11213527851458888,915
german,age,State of art,0.11213527851458888,920
german,age,State of art,0.11213527851458888,925
german,age,State of art,0.11213527851458888,930
german,age,State of art,0.11213527851458888,935
german,age,State of art,0.11213527851458888,940
german,age,State of art,0.11213527851458888,945
german,age,State of art,0.11213527851458888,950
german,age,State of art,0.11213527851458888,955
german,age,State of art,0.11213527851458888,960
german,age,State of art,0.11213527851458888,965
german,age,State of art,0.11213527851458888,970
german,age,State of art,0.11213527851458888,975
german,age,State of art,0.11213527851458888,980
german,age,State of art,0.11213527851458888,985
german,age,State of art,0.11213527851458888,990
german,age,State of art,0.11213527851458888,995
german,age,State of art,0.11213527851458888,1000
german,age,State of art,0.11213527851458888,1005
german,age,State of art,0.11213527851458888,1010
german,age,State of art,0.11213527851458888,1015
german,age,State of art,0.11213527851458888,1020
german,age,State of art,0.11213527851458888,1025
german,age,State of art,0.11213527851458888,1030
german,age,State of art,0.11213527851458888,1035
german,age,State of art,0.11213527851458888,1040
german,age,State of art,0.11213527851458888,1045
german,age,State of art,0.11213527851458888,1050
german,age,State of art,0.11213527851458888,1055
german,age,State of art,0.11213527851458888,1060
german,age,State of art,0.11213527851458888,1065
german,age,State of art,0.11213527851458888,1070
german,age,State of art,0.11213527851458888,1075
german,age,State of art,0.11213527851458888,1080
german,age,State of art,0.11213527851458888,1085
german,age,State of art,0.11213527851458888,1090
german,age,State of art,0.11213527851458888,1095
german,age,State of art,0.11213527851458888,1100
german,age,State of art,0.11213527851458888,1105
german,age,State of art,0.11213527851458888,1110
german,age,State of art,0.11213527851458888,1115
german,age,State of art,0.11213527851458888,1120
german,age,State of art,0.11213527851458888,1125
german,age,State of art,0.11213527851458888,1130
german,age,State of art,0.11213527851458888,1135
german,age,State of art,0.11213527851458888,1140
german,age,State of art,0.11213527851458888,1145
german,age,State of art,0.11213527851458888,1150
german,age,State of art,0.11213527851458888,1155
german,sex,State of art,0.13070957454519094,0
german,sex,State of art,0.13070957454519094,5
german,sex,State of art,0.13070957454519094,10
german,sex,State of art,0.13070957454519094,15
german,sex,State of art,0.13070957454519094,20
german,sex,State of art,0.13070957454519094,25
german,sex,State of art,0.13070957454519094,30
german,sex,State of art,0.13070957454519094,35
german,sex,State of art,0.13070957454519094,40
german,sex,State of art,0.13070957454519094,45
german,sex,State of art,0.13070957454519094,50
german,sex,State of art,0.13070957454519094,55
german,sex,State of art,0.13070957454519094,60
german,sex,State of art,0.13070957454519094,65
german,sex,State of art,0.13070957454519094,70
german,sex,State of art,0.13070957454519094,75
german,sex,State of art,0.13070957454519094,80
german,sex,State of art,0.13070957454519094,85
german,sex,State of art,0.13070957454519094,90
german,sex,State of art,0.13070957454519094,95
german,sex,State of art,0.13070957454519094,100
german,sex,State of art,0.13070957454519094,105
german,sex,State of art,0.13070957454519094,110
german,sex,State of art,0.13070957454519094,115
german,sex,State of art,0.13070957454519094,120
german,sex,State of art,0.13070957454519094,125
german,sex,State of art,0.13070957454519094,130
german,sex,State of art,0.13070957454519094,135
german,sex,State of art,0.13070957454519094,140
german,sex,State of art,0.13070957454519094,145
german,sex,State of art,0.13070957454519094,150
german,sex,State of art,0.13070957454519094,155
german,sex,State of art,0.13070957454519094,160
german,sex,State of art,0.13070957454519094,165
german,sex,State of art,0.13070957454519094,170
german,sex,State of art,0.13070957454519094,175
german,sex,State of art,0.13070957454519094,180
german,sex,State of art,0.13070957454519094,185
german,sex,State of art,0.13070957454519094,190
german,sex,State of art,0.13070957454519094,195
german,sex,State of art,0.13070957454519094,200
german,sex,State of art,0.13070957454519094,205
german,sex,State of art,0.13070957454519094,210
german,sex,State of art,0.13070957454519094,215
german,sex,State of art,0.13070957454519094,220
german,sex,State of art,0.13070957454519094,225
german,sex,State of art,0.13070957454519094,230
german,sex,State of art,0.13070957454519094,235
german,sex,State of art,0.13070957454519094,240
german,sex,State of art,0.13070957454519094,245
german,sex,State of art,0.13070957454519094,250
german,sex,State of art,0.13070957454519094,255
german,sex,State of art,0.13070957454519094,260
german,sex,State of art,0.13070957454519094,265
german,sex,State of art,0.13070957454519094,270
german,sex,State of art,0.13070957454519094,275
german,sex,State of art,0.13070957454519094,280
german,sex,State of art,0.13070957454519094,285
german,sex,State of art,0.13070957454519094,290
german,sex,State of art,0.13070957454519094,295
german,sex,State of art,0.13070957454519094,300
german,sex,State of art,0.13070957454519094,305
german,sex,State of art,0.13070957454519094,310
german,sex,State of art,0.13070957454519094,315
german,sex,State of art,0.13070957454519094,320
german,sex,State of art,0.13070957454519094,325
german,sex,State of art,0.13070957454519094,330
german,sex,State of art,0.13070957454519094,335
german,sex,State of art,0.13070957454519094,340
german,sex,State of art,0.13070957454519094,345
german,sex,State of art,0.13070957454519094,350
german,sex,State of art,0.13070957454519094,355
german,sex,State of art,0.13070957454519094,360
german,sex,State of art,0.13070957454519094,365
german,sex,State of art,0.13070957454519094,370
german,sex,State of art,0.13070957454519094,375
german,sex,State of art,0.13070957454519094,380
german,sex,State of art,0.13070957454519094,385
german,sex,State of art,0.13070957454519094,390
german,sex,State of art,0.13070957454519094,395
german,sex,State of art,0.13070957454519094,400
german,sex,State of art,0.13070957454519094,405
german,sex,State of art,0.13070957454519094,410
german,sex,State of art,0.13070957454519094,415
german,sex,State of art,0.13070957454519094,420
german,sex,State of art,0.13070957454519094,425
german,sex,State of art,0.13070957454519094,430
german,sex,State of art,0.13070957454519094,435
german,sex,State of art,0.13070957454519094,440
german,sex,State of art,0.13070957454519094,445
german,sex,State of art,0.13070957454519094,450
german,sex,State of art,0.13070957454519094,455
german,sex,State of art,0.13070957454519094,460
german,sex,State of art,0.13070957454519094,465
german,sex,State of art,0.13070957454519094,470
german,sex,State of art,0.13070957454519094,475
german,sex,State of art,0.13070957454519094,480
german,sex,State of art,0.13070957454519094,485
german,sex,State of art,0.13070957454519094,490
german,sex,State of art,0.13070957454519094,495
german,sex,State of art,0.13070957454519094,500
german,sex,State of art,0.13070957454519094,505
german,sex,State of art,0.13070957454519094,510
german,sex,State of art,0.13070957454519094,515
german,sex,State of art,0.13070957454519094,520
german,sex,State of art,0.13070957454519094,525
german,sex,State of art,0.13070957454519094,530
german,sex,State of art,0.13070957454519094,535
german,sex,State of art,0.13070957454519094,540
german,sex,State of art,0.13070957454519094,545
german,sex,State of art,0.13070957454519094,550
german,sex,State of art,0.13070957454519094,555
german,sex,State of art,0.13070957454519094,560
german,sex,State of art,0.13070957454519094,565
german,sex,State of art,0.13070957454519094,570
german,sex,State of art,0.13070957454519094,575
german,sex,State of art,0.13070957454519094,580
german,sex,State of art,0.13070957454519094,585
german,sex,State of art,0.13070957454519094,590
german,sex,State of art,0.13070957454519094,595
german,sex,State of art,0.13070957454519094,600
german,sex,State of art,0.13070957454519094,605
german,sex,State of art,0.13070957454519094,610
german,sex,State of art,0.13070957454519094,615
german,sex,State of art,0.13070957454519094,620
german,sex,State of art,0.13070957454519094,625
german,sex,State of art,0.13070957454519094,630
german,sex,State of art,0.13070957454519094,635
german,sex,State of art,0.13070957454519094,640
german,sex,State of art,0.13070957454519094,645
german,sex,State of art,0.13070957454519094,650
german,sex,State of art,0.13070957454519094,655
german,sex,State of art,0.13070957454519094,660
german,sex,State of art,0.13070957454519094,665
german,sex,State of art,0.13070957454519094,670
german,sex,State of art,0.13070957454519094,675
german,sex,State of art,0.13070957454519094,680
german,sex,State of art,0.13070957454519094,685
german,sex,State of art,0.13070957454519094,690
german,sex,State of art,0.13070957454519094,695
german,sex,State of art,0.13070957454519094,700
german,sex,State of art,0.13070957454519094,705
german,sex,State of art,0.13070957454519094,710
german,sex,State of art,0.13070957454519094,715
german,sex,State of art,0.13070957454519094,720
german,sex,State of art,0.13070957454519094,725
german,sex,State of art,0.13070957454519094,730
german,sex,State of art,0.13070957454519094,735
german,sex,State of art,0.13070957454519094,740
german,sex,State of art,0.13070957454519094,745
german,sex,State of art,0.13070957454519094,750
german,sex,State of art,0.13070957454519094,755
german,sex,State of art,0.13070957454519094,760
german,sex,State of art,0.13070957454519094,765
german,sex,State of art,0.13070957454519094,770
german,sex,State of art,0.13070957454519094,775
german,sex,State of art,0.13070957454519094,780
german,sex,State of art,0.13070957454519094,785
german,sex,State of art,0.13070957454519094,790
german,sex,State of art,0.13070957454519094,795
german,sex,State of art,0.13070957454519094,800
german,sex,State of art,0.13070957454519094,805
german,sex,State of art,0.13070957454519094,810
german,sex,State of art,0.13070957454519094,815
german,sex,State of art,0.13070957454519094,820
german,sex,State of art,0.13070957454519094,825
german,sex,State of art,0.13070957454519094,830
german,sex,State of art,0.13070957454519094,835
german,sex,State of art,0.13070957454519094,840
german,sex,State of art,0.13070957454519094,845
german,sex,State of art,0.13070957454519094,850
german,sex,State of art,0.13070957454519094,855
german,sex,State of art,0.13070957454519094,860
german,sex,State of art,0.13070957454519094,865
german,sex,State of art,0.13070957454519094,870
german,sex,State of art,0.13070957454519094,875
german,sex,State of art,0.13070957454519094,880
german,sex,State of art,0.13070957454519094,885
german,sex,State of art,0.13070957454519094,890
german,sex,State of art,0.13070957454519094,895
german,sex,State of art,0.13070957454519094,900
german,sex,State of art,0.13070957454519094,905
german,sex,State of art,0.13070957454519094,910
german,sex,State of art,0.13070957454519094,915
german,sex,State of art,0.13070957454519094,920
german,sex,State of art,0.13070957454519094,925
german,sex,State of art,0.13070957454519094,930
german,sex,State of art,0.13070957454519094,935
german,sex,State of art,0.13070957454519094,940
german,sex,State of art,0.13070957454519094,945
german,sex,State of art,0.13070957454519094,950
german,sex,State of art,0.13070957454519094,955
german,sex,State of art,0.13070957454519094,960
german,sex,State of art,0.13070957454519094,965
german,sex,State of art,0.13070957454519094,970
german,sex,State of art,0.13070957454519094,975
german,sex,State of art,0.13070957454519094,980
german,sex,State of art,0.13070957454519094,985
german,sex,State of art,0.13070957454519094,990
german,sex,State of art,0.13070957454519094,995
german,sex,State of art,0.13070957454519094,1000
german,sex,State of art,0.13070957454519094,1005
german,sex,State of art,0.13070957454519094,1010
german,sex,State of art,0.13070957454519094,1015
german,sex,State of art,0.13070957454519094,1020
german,sex,State of art,0.13070957454519094,1025
german,sex,State of art,0.13070957454519094,1030
german,sex,State of art,0.13070957454519094,1035
german,sex,State of art,0.13070957454519094,1040
german,sex,State of art,0.13070957454519094,1045
german,sex,State of art,0.13070957454519094,1050
german,sex,State of art,0.13070957454519094,1055
german,sex,State of art,0.13070957454519094,1060
german,sex,State of art,0.13070957454519094,1065
german,sex,State of art,0.13070957454519094,1070
german,sex,State of art,0.13070957454519094,1075
german,sex,State of art,0.13070957454519094,1080
german,sex,State of art,0.13070957454519094,1085
german,sex,State of art,0.13070957454519094,1090
german,sex,State of art,0.13070957454519094,1095
german,sex,State of art,0.13070957454519094,1100
german,sex,State of art,0.13070957454519094,1105
german,sex,State of art,0.13070957454519094,1110
german,sex,State of art,0.13070957454519094,1115
german,sex,State of art,0.13070957454519094,1120
german,sex,State of art,0.13070957454519094,1125
german,sex,State of art,0.13070957454519094,1130
german,sex,State of art,0.13070957454519094,1135
german,sex,State of art,0.13070957454519094,1140
german,sex,State of art,0.13070957454519094,1145
german,sex,State of art,0.13070957454519094,1150
german,sex,State of art,0.13070957454519094,1155
